,Action,Error,Max V,Mean V,Reward,State,Time
0,,0.0,36.40000000000003,34.40000000000003,36.40000000000003,,0.0009999275207519531
