,Action,Epsilon,Error,Max V,Mean V,Reward,State,Time
0,,0.005,4.0,4.0,1.0004,4.0,,0.03500008583068848
1,,0.005,0.17999999999999972,4.18,1.000445,4.18,,0.07699990272521973
