,Action,Error,Max V,Mean V,Reward,State,Time
0,,2.018802908037009,7.329084823032183,1.3113840183096754,7.329084823032183,,0.4789998531341553
1,,0.21880290803700864,7.329084823032183,1.3117877716349047,7.329084823032183,,0.9549999237060547
2,,3.6281890416711704e-05,7.329084823032183,1.311831524960134,7.329084823032183,,1.4679999351501465
